{
  "uid" : "a616c490-2c18-479c-9f70-81d68a5d8bd8",
  "name" : "Fill fields",
  "identifier" : "fillFields",
  "type" : "automation",
  "visibility" : true,
  "activated" : true,
  "header" : {
    "inputs" : [ {
      "description" : "",
      "identifier" : "employees",
      "type" : "complex",
      "typeName" : "Person",
      "typeValue" : "$.610e4ec4-4e6e-4fd2-b0b7-0dabc8db7f30",
      "dimension" : 1,
      "container" : {
        "projectUid" : "650d6df5-a392-4aeb-9d69-a95874dd9be8"
      }
    } ],
    "outputs" : [ ],
    "maxDuration" : 600,
    "triggerable" : true,
    "hasAddJobSubAutomations" : false,
    "hasAlerts" : false,
    "scriptUids" : [ ]
  },
  "validity" : true,
  "dependencies" : [ {
    "artifactUid" : "b6f19d19-6728-4ede-bf72-e262eb2231ee",
    "artifactContainerUid" : "650d6df5-a392-4aeb-9d69-a95874dd9be8"
  }, {
    "artifactUid" : "aab5ad95-d8dd-3ea2-b24d-17c88b53b37c",
    "artifactContainerUid" : "8bc5fa9f-e2b8-4c15-ba37-1a0c23c9e833",
    "packageUid" : "2dbcfd22-58ea-49a2-99d6-005f5bb902c3",
    "packageAlias" : "irpa_core"
  }, {
    "artifactUid" : "610e4ec4-4e6e-4fd2-b0b7-0dabc8db7f30",
    "artifactContainerUid" : "650d6df5-a392-4aeb-9d69-a95874dd9be8"
  }, {
    "artifactUid" : "9cab8902-34c3-37f9-a6bb-8e55279e5195",
    "artifactContainerUid" : "8bc5fa9f-e2b8-4c15-ba37-1a0c23c9e833",
    "packageUid" : "2dbcfd22-58ea-49a2-99d6-005f5bb902c3",
    "packageAlias" : "irpa_core"
  } ],
  "access" : "default",
  "contents" : [ {
    "uid" : "229ae1bf-59ea-48fa-8f22-06635e8eb105",
    "name" : "content",
    "mimeType" : "application/json",
    "size" : 49348,
    "lastUpdateRelease" : "2110.53"
  } ],
  "exportRelease" : "2110.54",
  "lastHeaderUpdateRelease" : "2110.53",
  "submittable" : true,
  "mode" : "managed"
}