{
  "uid" : "d2942149-ba4c-4cda-85dc-0b7bd6db8e49",
  "name" : "Run RPA Challenge",
  "identifier" : "runRPAChallenge",
  "type" : "automation",
  "visibility" : true,
  "activated" : true,
  "header" : {
    "inputs" : [ ],
    "outputs" : [ {
      "description" : "",
      "identifier" : "ChallengeResult",
      "type" : "simple",
      "typeName" : "string",
      "typeValue" : "string",
      "dimension" : 0,
      "container" : null
    } ],
    "maxDuration" : 600,
    "triggerable" : true,
    "hasAddJobSubAutomations" : false,
    "hasAlerts" : false,
    "scriptUids" : [ ]
  },
  "validity" : true,
  "dependencies" : [ {
    "artifactUid" : "b6f19d19-6728-4ede-bf72-e262eb2231ee",
    "artifactContainerUid" : "650d6df5-a392-4aeb-9d69-a95874dd9be8"
  }, {
    "artifactUid" : "f2fee1f4-25ef-3451-a66b-11b328ea34f4",
    "artifactContainerUid" : "8bc5fa9f-e2b8-4c15-ba37-1a0c23c9e833",
    "packageUid" : "2dbcfd22-58ea-49a2-99d6-005f5bb902c3",
    "packageAlias" : "irpa_core"
  }, {
    "artifactUid" : "aab5ad95-d8dd-3ea2-b24d-17c88b53b37c",
    "artifactContainerUid" : "8bc5fa9f-e2b8-4c15-ba37-1a0c23c9e833",
    "packageUid" : "2dbcfd22-58ea-49a2-99d6-005f5bb902c3",
    "packageAlias" : "irpa_core"
  }, {
    "artifactUid" : "ed521d70-d2b5-3286-848b-8acd783a6b43",
    "artifactContainerUid" : "8bc5fa9f-e2b8-4c15-ba37-1a0c23c9e833",
    "packageUid" : "2dbcfd22-58ea-49a2-99d6-005f5bb902c3",
    "packageAlias" : "irpa_core"
  }, {
    "artifactUid" : "08932019-52df-3d41-8347-421faed14de4",
    "artifactContainerUid" : "8bc5fa9f-e2b8-4c15-ba37-1a0c23c9e833",
    "packageUid" : "2dbcfd22-58ea-49a2-99d6-005f5bb902c3",
    "packageAlias" : "irpa_core"
  }, {
    "artifactUid" : "bbdcabaa-28e9-3393-8efd-644dec20f4f8",
    "artifactContainerUid" : "8bc5fa9f-e2b8-4c15-ba37-1a0c23c9e833",
    "packageUid" : "2dbcfd22-58ea-49a2-99d6-005f5bb902c3",
    "packageAlias" : "irpa_core"
  }, {
    "artifactUid" : "ad8424e5-0004-31e8-b7c2-cd871847e3e3",
    "artifactContainerUid" : "2c3e2add-c47a-4632-9417-e143077ce9f2",
    "packageUid" : "105f6259-cdaf-414b-86ea-5bc670448046",
    "packageAlias" : "irpa_excel"
  }, {
    "artifactUid" : "610e4ec4-4e6e-4fd2-b0b7-0dabc8db7f30",
    "artifactContainerUid" : "650d6df5-a392-4aeb-9d69-a95874dd9be8"
  }, {
    "artifactUid" : "edfd9191-786e-389f-a918-53d58c2a81e3",
    "artifactContainerUid" : "2c3e2add-c47a-4632-9417-e143077ce9f2",
    "packageUid" : "105f6259-cdaf-414b-86ea-5bc670448046",
    "packageAlias" : "irpa_excel"
  }, {
    "artifactUid" : "a616c490-2c18-479c-9f70-81d68a5d8bd8",
    "artifactContainerUid" : "650d6df5-a392-4aeb-9d69-a95874dd9be8"
  }, {
    "artifactUid" : "9cab8902-34c3-37f9-a6bb-8e55279e5195",
    "artifactContainerUid" : "8bc5fa9f-e2b8-4c15-ba37-1a0c23c9e833",
    "packageUid" : "2dbcfd22-58ea-49a2-99d6-005f5bb902c3",
    "packageAlias" : "irpa_core"
  } ],
  "access" : "default",
  "contents" : [ {
    "uid" : "98b5381f-7947-450c-9b91-27f5c48fd477",
    "name" : "content",
    "mimeType" : "application/json",
    "size" : 73505,
    "lastUpdateRelease" : "2110.53"
  } ],
  "exportRelease" : "2110.53",
  "lastHeaderUpdateRelease" : "2110.53",
  "submittable" : true,
  "mode" : "managed"
}