{
  "uid" : "b6f19d19-6728-4ede-bf72-e262eb2231ee",
  "name" : "Rpa Challenge",
  "identifier" : "rpaChallenge",
  "type" : "application",
  "visibility" : true,
  "activated" : true,
  "header" : {
    "identifier" : "rpaChallenge",
    "applicationProperties" : {
      "settings" : {
        "applicationPath" : "https://www.rpachallenge.com/",
        "InstID" : false,
        "Sync" : 250
      },
      "techno" : "WEB"
    },
    "data" : {
      "uwpLaunchCommandLine" : null,
      "criteria" : [ {
        "attribute" : "DOMAIN",
        "rule" : "equals",
        "value" : "www.rpachallenge.com"
      } ]
    },
    "screens" : [ {
      "data" : {
        "criteria" : [ {
          "attribute" : "URL",
          "rule" : "contains",
          "value" : "www.rpachallenge.com"
        }, {
          "attribute" : "MAINFRAME",
          "rule" : "equals",
          "value" : true
        } ],
        "customType" : "HTML"
      },
      "captures" : [ {
        "name" : "Capture",
        "hash" : -821986417,
        "boundingRect" : {
          "captureRef" : 1,
          "top" : 0,
          "left" : 0,
          "width" : 1903,
          "height" : 80
        }
      } ],
      "identifier" : "main",
      "items" : [ {
        "boundingRects" : [ {
          "captureRef" : 1,
          "top" : 135,
          "left" : 587,
          "width" : 397,
          "height" : 46
        } ],
        "data" : {
          "controlType" : "INPUT",
          "customType" : null,
          "technoInterfaces" : [ "irpa_core.core.WEBItem" ],
          "criteria" : [ {
            "attribute" : "TAG",
            "rule" : "equals",
            "value" : "INPUT"
          } ],
          "direct" : false,
          "parent" : {
            "capturedData" : {
              "TAG" : "DIV",
              "Text" : "Last Name",
              "class" : "ng-untouched ng-pristine ng-invalid",
              "nth-child-tag" : "0",
              "contentEditable" : "inherit",
              "style" : "[object CSSStyleDeclaration]",
              "_ngcontent-c2" : "",
              "ng-reflect-form" : "[object Object]"
            },
            "controlType" : "DIV",
            "defaultName" : "Last Name",
            "path" : [ 0, 1, 0, 1, 1, 0, 1, 0, 0, 0, 0, 0 ],
            "criteria" : [ {
              "attribute" : "TAG",
              "rule" : "equals",
              "value" : "DIV"
            }, {
              "attribute" : "Text",
              "rule" : "equals",
              "value" : "Last Name"
            } ],
            "direct" : false
          },
          "occurs" : false
        },
        "dimension" : 0,
        "identifier" : "lastName",
        "ignoredCaptures" : [ ],
        "name" : "Last Name",
        "occurs" : false,
        "settings" : {
          "Capture" : "No",
          "CaptDataItemsCached" : false
        },
        "type" : "irpa_core.core.Edit",
        "uid" : "79468d3d-5d16-4fcd-8263-7f6a96052fff"
      }, {
        "boundingRects" : [ {
          "captureRef" : 1,
          "top" : 135,
          "left" : 1007,
          "width" : 397,
          "height" : 46
        } ],
        "data" : {
          "controlType" : "INPUT",
          "customType" : null,
          "technoInterfaces" : [ "irpa_core.core.WEBItem" ],
          "criteria" : [ {
            "attribute" : "TAG",
            "rule" : "equals",
            "value" : "INPUT"
          } ],
          "direct" : false,
          "parent" : {
            "capturedData" : {
              "TAG" : "DIV",
              "Text" : "Address",
              "class" : "ng-untouched ng-pristine ng-invalid",
              "nth-child-tag" : "0",
              "contentEditable" : "inherit",
              "style" : "[object CSSStyleDeclaration]",
              "_ngcontent-c2" : "",
              "ng-reflect-form" : "[object Object]"
            },
            "controlType" : "DIV",
            "defaultName" : "Address",
            "path" : [ 0, 1, 0, 1, 1, 0, 1, 0, 0, 1, 0, 0 ],
            "criteria" : [ {
              "attribute" : "TAG",
              "rule" : "equals",
              "value" : "DIV"
            }, {
              "attribute" : "Text",
              "rule" : "equals",
              "value" : "Address"
            } ],
            "direct" : false
          },
          "occurs" : false
        },
        "dimension" : 0,
        "identifier" : "address",
        "ignoredCaptures" : [ ],
        "name" : "Address",
        "occurs" : false,
        "settings" : {
          "Capture" : "No",
          "CaptDataItemsCached" : false
        },
        "type" : "irpa_core.core.Edit",
        "uid" : "984c309e-8263-4b58-82b5-d8322b4cf065"
      }, {
        "boundingRects" : [ {
          "captureRef" : 1,
          "top" : 223,
          "left" : 587,
          "width" : 397,
          "height" : 46
        } ],
        "data" : {
          "controlType" : "INPUT",
          "customType" : null,
          "technoInterfaces" : [ "irpa_core.core.WEBItem" ],
          "criteria" : [ {
            "attribute" : "TAG",
            "rule" : "equals",
            "value" : "INPUT"
          } ],
          "direct" : false,
          "parent" : {
            "capturedData" : {
              "TAG" : "DIV",
              "Text" : "Phone Number",
              "class" : "ng-untouched ng-pristine ng-invalid",
              "nth-child-tag" : "0",
              "contentEditable" : "inherit",
              "style" : "[object CSSStyleDeclaration]",
              "_ngcontent-c2" : "",
              "ng-reflect-form" : "[object Object]"
            },
            "controlType" : "DIV",
            "defaultName" : "Phone Number",
            "path" : [ 0, 1, 0, 1, 1, 0, 1, 0, 0, 2, 0, 0 ],
            "criteria" : [ {
              "attribute" : "TAG",
              "rule" : "equals",
              "value" : "DIV"
            }, {
              "attribute" : "Text",
              "rule" : "equals",
              "value" : "Phone Number"
            } ],
            "direct" : false
          },
          "occurs" : false
        },
        "dimension" : 0,
        "identifier" : "phoneNumber",
        "ignoredCaptures" : [ ],
        "name" : "Phone Number",
        "occurs" : false,
        "settings" : {
          "Capture" : "No",
          "CaptDataItemsCached" : false
        },
        "type" : "irpa_core.core.Edit",
        "uid" : "77449683-a81f-4624-a6c8-1af9422a8c1b"
      }, {
        "boundingRects" : [ {
          "captureRef" : 1,
          "top" : 223,
          "left" : 1007,
          "width" : 397,
          "height" : 46
        } ],
        "data" : {
          "controlType" : "INPUT",
          "customType" : null,
          "technoInterfaces" : [ "irpa_core.core.WEBItem" ],
          "criteria" : [ {
            "attribute" : "TAG",
            "rule" : "equals",
            "value" : "INPUT"
          } ],
          "direct" : false,
          "parent" : {
            "capturedData" : {
              "TAG" : "DIV",
              "Text" : "Email",
              "class" : "ng-untouched ng-pristine ng-invalid",
              "nth-child-tag" : "0",
              "contentEditable" : "inherit",
              "style" : "[object CSSStyleDeclaration]",
              "_ngcontent-c2" : "",
              "ng-reflect-form" : "[object Object]"
            },
            "controlType" : "DIV",
            "defaultName" : "Email",
            "path" : [ 0, 1, 0, 1, 1, 0, 1, 0, 0, 3, 0, 0 ],
            "criteria" : [ {
              "attribute" : "TAG",
              "rule" : "equals",
              "value" : "DIV"
            }, {
              "attribute" : "Text",
              "rule" : "equals",
              "value" : "Email"
            } ],
            "direct" : false
          },
          "occurs" : false
        },
        "dimension" : 0,
        "identifier" : "email",
        "ignoredCaptures" : [ ],
        "name" : "Email",
        "occurs" : false,
        "settings" : {
          "Capture" : "No",
          "CaptDataItemsCached" : false
        },
        "type" : "irpa_core.core.Edit",
        "uid" : "fd40ee94-01a0-4418-b5d0-5e235f4af752"
      }, {
        "boundingRects" : [ {
          "captureRef" : 1,
          "top" : 311,
          "left" : 587,
          "width" : 397,
          "height" : 46
        } ],
        "data" : {
          "controlType" : "INPUT",
          "customType" : null,
          "technoInterfaces" : [ "irpa_core.core.WEBItem" ],
          "criteria" : [ {
            "attribute" : "TAG",
            "rule" : "equals",
            "value" : "INPUT"
          } ],
          "direct" : false,
          "parent" : {
            "capturedData" : {
              "TAG" : "DIV",
              "Text" : "First Name",
              "class" : "ng-untouched ng-pristine ng-invalid",
              "nth-child-tag" : "0",
              "contentEditable" : "inherit",
              "style" : "[object CSSStyleDeclaration]",
              "_ngcontent-c2" : "",
              "ng-reflect-form" : "[object Object]"
            },
            "controlType" : "DIV",
            "defaultName" : "First Name",
            "path" : [ 0, 1, 0, 1, 1, 0, 1, 0, 0, 4, 0, 0 ],
            "criteria" : [ {
              "attribute" : "TAG",
              "rule" : "equals",
              "value" : "DIV"
            }, {
              "attribute" : "Text",
              "rule" : "equals",
              "value" : "First Name"
            } ],
            "direct" : false
          },
          "occurs" : false
        },
        "dimension" : 0,
        "identifier" : "firstName",
        "ignoredCaptures" : [ ],
        "name" : "First Name",
        "occurs" : false,
        "settings" : {
          "Capture" : "No",
          "CaptDataItemsCached" : false
        },
        "type" : "irpa_core.core.Edit",
        "uid" : "b215990a-de7a-495c-aeac-617a9da3e8cf"
      }, {
        "boundingRects" : [ {
          "captureRef" : 1,
          "top" : 311,
          "left" : 1007,
          "width" : 397,
          "height" : 46
        } ],
        "data" : {
          "controlType" : "INPUT",
          "customType" : null,
          "technoInterfaces" : [ "irpa_core.core.WEBItem" ],
          "criteria" : [ {
            "attribute" : "TAG",
            "rule" : "equals",
            "value" : "INPUT"
          } ],
          "direct" : false,
          "parent" : {
            "capturedData" : {
              "TAG" : "DIV",
              "Text" : "Company Name",
              "class" : "ng-untouched ng-pristine ng-invalid",
              "nth-child-tag" : "0",
              "contentEditable" : "inherit",
              "style" : "[object CSSStyleDeclaration]",
              "_ngcontent-c2" : "",
              "ng-reflect-form" : "[object Object]"
            },
            "controlType" : "DIV",
            "defaultName" : "Company Name",
            "path" : [ 0, 1, 0, 1, 1, 0, 1, 0, 0, 5, 0, 0 ],
            "criteria" : [ {
              "attribute" : "TAG",
              "rule" : "equals",
              "value" : "DIV"
            }, {
              "attribute" : "Text",
              "rule" : "equals",
              "value" : "Company Name"
            } ],
            "direct" : false
          },
          "occurs" : false
        },
        "dimension" : 0,
        "identifier" : "companyName",
        "ignoredCaptures" : [ ],
        "name" : "Company Name",
        "occurs" : false,
        "settings" : {
          "Capture" : "No",
          "CaptDataItemsCached" : false
        },
        "type" : "irpa_core.core.Edit",
        "uid" : "ce66322a-de57-4261-8d8b-0a50bc6d27b2"
      }, {
        "boundingRects" : [ {
          "captureRef" : 1,
          "top" : 399,
          "left" : 587,
          "width" : 397,
          "height" : 46
        } ],
        "data" : {
          "controlType" : "INPUT",
          "customType" : null,
          "technoInterfaces" : [ "irpa_core.core.WEBItem" ],
          "criteria" : [ {
            "attribute" : "TAG",
            "rule" : "equals",
            "value" : "INPUT"
          } ],
          "direct" : false,
          "parent" : {
            "capturedData" : {
              "TAG" : "DIV",
              "Text" : "Role in Company",
              "class" : "ng-untouched ng-pristine ng-invalid",
              "nth-child-tag" : "0",
              "contentEditable" : "inherit",
              "style" : "[object CSSStyleDeclaration]",
              "_ngcontent-c2" : "",
              "ng-reflect-form" : "[object Object]"
            },
            "controlType" : "DIV",
            "defaultName" : "Role in Company",
            "path" : [ 0, 1, 0, 1, 1, 0, 1, 0, 0, 6, 0, 0 ],
            "criteria" : [ {
              "attribute" : "TAG",
              "rule" : "equals",
              "value" : "DIV"
            }, {
              "attribute" : "Text",
              "rule" : "equals",
              "value" : "Role in Company"
            } ],
            "direct" : false
          },
          "occurs" : false
        },
        "dimension" : 0,
        "identifier" : "roleInCompany",
        "ignoredCaptures" : [ ],
        "name" : "Role in Company",
        "occurs" : false,
        "settings" : {
          "Capture" : "No",
          "CaptDataItemsCached" : false
        },
        "type" : "irpa_core.core.Edit",
        "uid" : "0151c0b1-03a0-4e0d-9025-f3db76878264"
      }, {
        "boundingRects" : [ {
          "captureRef" : 1,
          "top" : 465,
          "left" : 575,
          "width" : 115,
          "height" : 36
        } ],
        "data" : {
          "controlType" : "INPUT",
          "customType" : null,
          "technoInterfaces" : [ "irpa_core.core.WEBItem" ],
          "criteria" : [ {
            "attribute" : "TAG",
            "rule" : "equals",
            "value" : "INPUT"
          }, {
            "attribute" : "value",
            "rule" : "equals",
            "value" : "Submit"
          } ],
          "direct" : false,
          "occurs" : false
        },
        "dimension" : 0,
        "identifier" : "btSubmit",
        "ignoredCaptures" : [ ],
        "name" : "btSubmit",
        "occurs" : false,
        "settings" : {
          "Capture" : "No",
          "CaptDataItemsCached" : false
        },
        "type" : "irpa_core.core.Button",
        "uid" : "2e05e58f-b1be-49a5-be15-e553823d1f06"
      }, {
        "boundingRects" : [ {
          "captureRef" : 1,
          "top" : 669,
          "left" : 11,
          "width" : 453,
          "height" : 36
        } ],
        "data" : {
          "controlType" : "A",
          "customType" : null,
          "technoInterfaces" : [ "irpa_core.core.WEBItem" ],
          "criteria" : [ {
            "attribute" : "TAG",
            "rule" : "equals",
            "value" : "A"
          }, {
            "attribute" : "Text",
            "rule" : "equals",
            "value" : "DOWNLOAD EXCEL\ncloud_download"
          } ],
          "direct" : false,
          "occurs" : false
        },
        "dimension" : 0,
        "identifier" : "download",
        "ignoredCaptures" : [ ],
        "name" : "Download",
        "occurs" : false,
        "settings" : {
          "Capture" : "No",
          "CaptDataItemsCached" : false
        },
        "type" : "irpa_core.core.Hyperlink",
        "uid" : "2b845cfd-2715-4a7e-8da6-8a33a91d1b8d"
      }, {
        "boundingRects" : [ {
          "captureRef" : 1,
          "top" : 713,
          "left" : 11,
          "width" : 453,
          "height" : 54
        } ],
        "data" : {
          "controlType" : "BUTTON",
          "customType" : null,
          "technoInterfaces" : [ "irpa_core.core.WEBItem" ],
          "criteria" : [ {
            "attribute" : "TAG",
            "rule" : "equals",
            "value" : "BUTTON"
          }, {
            "attribute" : "Text",
            "rule" : "equals",
            "value" : "START"
          } ],
          "direct" : false,
          "occurs" : false
        },
        "dimension" : 0,
        "identifier" : "start",
        "ignoredCaptures" : [ ],
        "name" : "Start",
        "occurs" : false,
        "settings" : {
          "Capture" : "No",
          "CaptDataItemsCached" : false
        },
        "type" : "irpa_core.core.Button",
        "uid" : "c142c06f-75b9-49e6-8769-315e5685f4ae"
      } ],
      "mustExists" : [ "2e05e58f-b1be-49a5-be15-e553823d1f06" ],
      "mustNotExists" : [ ],
      "name" : "Main",
      "settings" : {
        "launchURL" : "https://www.rpachallenge.com/",
        "CaptDataItemsCached" : false
      },
      "techno" : "WEB",
      "type" : "irpa_core.core.WEBPage",
      "uid" : "be79ee1f-a3fb-433e-b53f-41e491f086d4",
      "subScreens" : [ ]
    }, {
      "data" : {
        "criteria" : [ {
          "attribute" : "URL",
          "rule" : "contains",
          "value" : "www.rpachallenge.com"
        }, {
          "attribute" : "MAINFRAME",
          "rule" : "equals",
          "value" : true
        } ],
        "customType" : "HTML"
      },
      "captures" : [ {
        "name" : "Capture 1",
        "hash" : -1276304727,
        "boundingRect" : {
          "captureRef" : 1,
          "top" : 0,
          "left" : 0,
          "width" : 1920,
          "height" : 937
        }
      } ],
      "identifier" : "results",
      "items" : [ {
        "boundingRects" : [ {
          "captureRef" : 1,
          "top" : 713,
          "left" : 11,
          "width" : 453,
          "height" : 54
        } ],
        "data" : {
          "controlType" : "BUTTON",
          "customType" : null,
          "technoInterfaces" : [ "irpa_core.core.WEBItem" ],
          "criteria" : [ {
            "attribute" : "TAG",
            "rule" : "equals",
            "value" : "BUTTON"
          }, {
            "attribute" : "Text",
            "rule" : "equals",
            "value" : "RESET"
          } ],
          "direct" : false,
          "occurs" : false
        },
        "dimension" : 0,
        "identifier" : "btReset",
        "ignoredCaptures" : [ ],
        "name" : "btReset",
        "occurs" : false,
        "settings" : {
          "Capture" : "No",
          "CaptDataItemsCached" : false
        },
        "type" : "irpa_core.core.Button",
        "uid" : "7a5038c6-26a3-4d47-8b04-e66935aed7db"
      }, {
        "boundingRects" : [ {
          "captureRef" : 1,
          "top" : 217,
          "left" : 487,
          "width" : 1246,
          "height" : 30
        } ],
        "data" : {
          "controlType" : "DIV",
          "customType" : null,
          "technoInterfaces" : [ "irpa_core.core.WEBItem" ],
          "criteria" : [ {
            "attribute" : "TAG",
            "rule" : "equals",
            "value" : "DIV"
          }, {
            "attribute" : "class",
            "rule" : "equals",
            "value" : "message2"
          } ],
          "direct" : false,
          "occurs" : false
        },
        "dimension" : 0,
        "identifier" : "result",
        "ignoredCaptures" : [ ],
        "name" : "result",
        "occurs" : false,
        "settings" : {
          "Capture" : "No",
          "CaptDataItemsCached" : false
        },
        "type" : "irpa_core.core.Element",
        "uid" : "0e717733-f8d9-4c27-801e-6032ef67060a"
      } ],
      "mustExists" : [ "7a5038c6-26a3-4d47-8b04-e66935aed7db" ],
      "mustNotExists" : [ ],
      "name" : "Results",
      "settings" : {
        "launchURL" : "https://www.rpachallenge.com/",
        "CaptDataItemsCached" : false
      },
      "techno" : "WEB",
      "type" : "irpa_core.core.WEBPage",
      "uid" : "d5d79a3b-57f6-40f8-8537-cc0c3d7528eb",
      "subScreens" : [ ]
    } ],
    "version" : 7
  },
  "validity" : true,
  "keywords" : "Main30Results",
  "access" : "default",
  "contents" : [ {
    "uid" : "c17ecc44-11d2-4d0b-a572-aaa4c3c993c1",
    "name" : "applicationDescription",
    "mimeType" : "application/json",
    "size" : 25784,
    "lastUpdateRelease" : "2110.53"
  }, {
    "uid" : "2ec0e289-6559-4b10-b183-375e85ebb56f",
    "name" : "be79ee1f-a3fb-433e-b53f-41e491f086d4/1/image",
    "mimeType" : "application/json",
    "size" : 389835,
    "lastUpdateRelease" : "2110.53"
  }, {
    "uid" : "4db0c4a5-3798-43e9-b012-7df949c3c091",
    "name" : "be79ee1f-a3fb-433e-b53f-41e491f086d4/1/structure",
    "mimeType" : "application/json",
    "size" : 2269437,
    "lastUpdateRelease" : "2110.53"
  }, {
    "uid" : "54077607-d5a6-431a-9591-70c1fec82656",
    "name" : "d5d79a3b-57f6-40f8-8537-cc0c3d7528eb/1/image",
    "mimeType" : "application/json",
    "size" : 396695,
    "lastUpdateRelease" : "2110.53"
  }, {
    "uid" : "5be37306-737e-4b6e-b9b8-c8bfd12f02f9",
    "name" : "d5d79a3b-57f6-40f8-8537-cc0c3d7528eb/1/structure",
    "mimeType" : "application/json",
    "size" : 2233282,
    "lastUpdateRelease" : "2110.53"
  } ],
  "exportRelease" : "2110.53",
  "lastHeaderUpdateRelease" : "2110.53",
  "submittable" : true,
  "mode" : "managed"
}