{
  "uid" : "300cc212-91df-4cd7-ba41-8062096f0d8e",
  "name" : "Project Pane",
  "identifier" : "projectpane0",
  "type" : "projectpane",
  "visibility" : true,
  "activated" : true,
  "validity" : true,
  "dependencies" : [ {
    "artifactUid" : "d2942149-ba4c-4cda-85dc-0b7bd6db8e49",
    "artifactContainerUid" : "f295865b-3f2d-4af6-a232-e0c4a15a2810"
  }, {
    "artifactUid" : "77be6b9d-3016-4089-9437-3b6d37cfe941",
    "artifactContainerUid" : "f295865b-3f2d-4af6-a232-e0c4a15a2810"
  } ],
  "access" : "default",
  "contents" : [ {
    "uid" : "65afc06d-6042-476b-95c1-3877e7d2e5de",
    "name" : "content",
    "mimeType" : "application/json",
    "size" : 369,
    "lastUpdateRelease" : "2110.53"
  } ],
  "exportRelease" : "2110.53",
  "lastHeaderUpdateRelease" : "2110.53",
  "submittable" : true,
  "mode" : "managed"
}