{
  "uid" : "77be6b9d-3016-4089-9437-3b6d37cfe941",
  "name" : "Run RPA Challenge with error",
  "identifier" : "runRPAChallengeWithError",
  "type" : "automation",
  "visibility" : true,
  "activated" : true,
  "header" : {
    "inputs" : [ ],
    "outputs" : [ ],
    "maxDuration" : 600,
    "triggerable" : true,
    "hasAddJobSubAutomations" : false,
    "hasAlerts" : false,
    "scriptUids" : [ ]
  },
  "validity" : true,
  "dependencies" : [ {
    "artifactUid" : "d2942149-ba4c-4cda-85dc-0b7bd6db8e49",
    "artifactContainerUid" : "f295865b-3f2d-4af6-a232-e0c4a15a2810"
  }, {
    "artifactUid" : "08932019-52df-3d41-8347-421faed14de4",
    "artifactContainerUid" : "8bc5fa9f-e2b8-4c15-ba37-1a0c23c9e833",
    "packageUid" : "2dbcfd22-58ea-49a2-99d6-005f5bb902c3",
    "packageAlias" : "irpa_core"
  }, {
    "artifactUid" : "aab5ad95-d8dd-3ea2-b24d-17c88b53b37c",
    "artifactContainerUid" : "8bc5fa9f-e2b8-4c15-ba37-1a0c23c9e833",
    "packageUid" : "2dbcfd22-58ea-49a2-99d6-005f5bb902c3",
    "packageAlias" : "irpa_core"
  }, {
    "artifactUid" : "9cab8902-34c3-37f9-a6bb-8e55279e5195",
    "artifactContainerUid" : "8bc5fa9f-e2b8-4c15-ba37-1a0c23c9e833",
    "packageUid" : "2dbcfd22-58ea-49a2-99d6-005f5bb902c3",
    "packageAlias" : "irpa_core"
  } ],
  "access" : "default",
  "contents" : [ {
    "uid" : "8c6bac3f-2205-455f-b0e4-f20569811563",
    "name" : "content",
    "mimeType" : "application/json",
    "size" : 6198,
    "lastUpdateRelease" : "2110.53"
  } ],
  "exportRelease" : "2110.53",
  "lastHeaderUpdateRelease" : "2110.53",
  "submittable" : true,
  "mode" : "managed"
}