{
  "uid" : "610e4ec4-4e6e-4fd2-b0b7-0dabc8db7f30",
  "name" : "Person",
  "identifier" : "datatype0",
  "type" : "datatype",
  "visibility" : true,
  "activated" : true,
  "header" : {
    "$schema" : "http://json-schema.org/draft-07/schema#",
    "type" : "object",
    "title" : "Person",
    "properties" : {
      "firstName" : {
        "type" : "string"
      },
      "lastName" : {
        "type" : "string"
      },
      "companyName" : {
        "type" : "string"
      },
      "roleInCompany" : {
        "type" : "string"
      },
      "address" : {
        "type" : "string"
      },
      "email" : {
        "type" : "string"
      },
      "phoneNumber" : {
        "type" : "number"
      }
    }
  },
  "validity" : true,
  "access" : "default",
  "exportRelease" : "2110.54",
  "lastHeaderUpdateRelease" : "2110.53",
  "submittable" : true,
  "mode" : "managed"
}