{
  "uid" : "d2942149-ba4c-4cda-85dc-0b7bd6db8e49",
  "name" : "Run RPA Challenge",
  "identifier" : "runRPAChallenge",
  "type" : "automation",
  "visibility" : true,
  "activated" : true,
  "header" : {
    "inputs" : [ ],
    "outputs" : [ ],
    "maxDuration" : 600,
    "triggerable" : true,
    "hasAddJobSubAutomations" : false,
    "hasAlerts" : false,
    "scriptUids" : [ ]
  },
  "validity" : true,
  "dependencies" : [ {
    "artifactUid" : "b6f19d19-6728-4ede-bf72-e262eb2231ee",
    "artifactContainerUid" : "df9c54f1-69a0-4480-822a-1362b731c160"
  }, {
    "artifactUid" : "f2fee1f4-25ef-3451-a66b-11b328ea34f4",
    "artifactContainerUid" : "8bc5fa9f-e2b8-4c15-ba37-1a0c23c9e833",
    "packageUid" : "2dbcfd22-58ea-49a2-99d6-005f5bb902c3",
    "packageAlias" : "irpa_core"
  }, {
    "artifactUid" : "aab5ad95-d8dd-3ea2-b24d-17c88b53b37c",
    "artifactContainerUid" : "8bc5fa9f-e2b8-4c15-ba37-1a0c23c9e833",
    "packageUid" : "2dbcfd22-58ea-49a2-99d6-005f5bb902c3",
    "packageAlias" : "irpa_core"
  }, {
    "artifactUid" : "ed521d70-d2b5-3286-848b-8acd783a6b43",
    "artifactContainerUid" : "8bc5fa9f-e2b8-4c15-ba37-1a0c23c9e833",
    "packageUid" : "2dbcfd22-58ea-49a2-99d6-005f5bb902c3",
    "packageAlias" : "irpa_core"
  }, {
    "artifactUid" : "08932019-52df-3d41-8347-421faed14de4",
    "artifactContainerUid" : "8bc5fa9f-e2b8-4c15-ba37-1a0c23c9e833",
    "packageUid" : "2dbcfd22-58ea-49a2-99d6-005f5bb902c3",
    "packageAlias" : "irpa_core"
  }, {
    "artifactUid" : "bbdcabaa-28e9-3393-8efd-644dec20f4f8",
    "artifactContainerUid" : "8bc5fa9f-e2b8-4c15-ba37-1a0c23c9e833",
    "packageUid" : "2dbcfd22-58ea-49a2-99d6-005f5bb902c3",
    "packageAlias" : "irpa_core"
  }, {
    "artifactUid" : "9cab8902-34c3-37f9-a6bb-8e55279e5195",
    "artifactContainerUid" : "8bc5fa9f-e2b8-4c15-ba37-1a0c23c9e833",
    "packageUid" : "2dbcfd22-58ea-49a2-99d6-005f5bb902c3",
    "packageAlias" : "irpa_core"
  } ],
  "access" : "default",
  "contents" : [ {
    "uid" : "3f625220-67a8-44fb-a333-71f22a5677f7",
    "name" : "content",
    "mimeType" : "application/json",
    "size" : 34031,
    "lastUpdateRelease" : "2110.53"
  } ],
  "exportRelease" : "2110.54",
  "lastHeaderUpdateRelease" : "2110.53",
  "submittable" : true,
  "mode" : "managed"
}